frame_number,frame_start_crossings,frame_end_crossings,total_start_crossings,total_end_crossings,people_in_polygon,video_time_sec
1,0,0,0,0,0,0.042
2,0,0,0,0,0,0.083
3,0,0,0,0,0,0.125
4,0,0,0,0,0,0.167
5,0,0,0,0,0,0.209
6,0,0,0,0,0,0.25
7,0,0,0,0,0,0.292
8,0,0,0,0,0,0.334
9,0,0,0,0,0,0.375
10,0,0,0,0,0,0.417
11,0,0,0,0,0,0.459
12,0,0,0,0,0,0.5
13,0,0,0,0,0,0.542
14,0,0,0,0,0,0.584
15,0,0,0,0,0,0.626
16,0,0,0,0,1,0.667
17,0,0,0,0,1,0.709
18,0,0,0,0,1,0.751
19,0,0,0,0,1,0.792
20,0,0,0,0,1,0.834
21,0,0,0,0,1,0.876
22,0,0,0,0,1,0.917
23,0,0,0,0,1,0.959
24,0,0,0,0,1,1.001
25,0,0,0,0,1,1.043
26,0,0,0,0,1,1.084
27,0,0,0,0,1,1.126
28,0,0,0,0,1,1.168
29,0,0,0,0,1,1.209
30,0,0,0,0,0,1.251
31,0,0,0,0,0,1.293
32,0,0,0,0,0,1.334
33,0,0,0,0,0,1.376
34,0,0,0,0,0,1.418
35,0,0,0,0,0,1.46
36,0,0,0,0,0,1.501
37,0,0,0,0,0,1.543
38,0,0,0,0,0,1.585
39,0,0,0,0,0,1.626
40,0,0,0,0,0,1.668
41,0,0,0,0,0,1.71
42,0,0,0,0,0,1.751
43,0,0,0,0,0,1.793
44,0,0,0,0,0,1.835
45,0,0,0,0,0,1.877
46,0,0,0,0,0,1.918
47,0,0,0,0,0,1.96
48,0,0,0,0,0,2.002
49,0,0,0,0,0,2.043
50,0,0,0,0,0,2.085
51,0,0,0,0,0,2.127
52,0,0,0,0,0,2.168
53,0,0,0,0,0,2.21
54,0,0,0,0,0,2.252
55,0,0,0,0,0,2.294
56,0,0,0,0,0,2.335
57,0,0,0,0,0,2.377
58,0,0,0,0,0,2.419
59,0,0,0,0,0,2.46
60,0,0,0,0,0,2.502
61,0,0,0,0,0,2.544
62,0,0,0,0,0,2.585
63,0,0,0,0,0,2.627
64,0,0,0,0,0,2.669
65,0,0,0,0,0,2.711
66,0,0,0,0,0,2.752
67,0,0,0,0,0,2.794
68,0,0,0,0,0,2.836
69,0,0,0,0,0,2.877
70,0,0,0,0,0,2.919
71,0,0,0,0,0,2.961
72,0,0,0,0,0,3.002
73,0,0,0,0,0,3.044
74,0,0,0,0,0,3.086
75,0,0,0,0,0,3.128
76,0,0,0,0,0,3.169
77,0,0,0,0,0,3.211
78,0,0,0,0,0,3.253
79,0,0,0,0,0,3.294
80,0,0,0,0,0,3.336
81,0,0,0,0,0,3.378
82,0,0,0,0,0,3.42
83,0,0,0,0,0,3.461
84,0,0,0,0,0,3.503
85,0,0,0,0,0,3.545
86,0,0,0,0,0,3.586
87,0,0,0,0,0,3.628
88,0,0,0,0,0,3.67
89,0,0,0,0,0,3.711
90,0,0,0,0,0,3.753
91,0,0,0,0,0,3.795
92,0,0,0,0,0,3.837
93,0,0,0,0,0,3.878
94,0,0,0,0,0,3.92
95,0,0,0,0,0,3.962
96,0,0,0,0,0,4.003
97,0,0,0,0,0,4.045
98,0,0,0,0,0,4.087
99,0,0,0,0,0,4.128
100,0,0,0,0,0,4.17
101,0,0,0,0,0,4.212
102,0,0,0,0,0,4.254
103,0,0,0,0,0,4.295
104,0,0,0,0,0,4.337
105,0,0,0,0,0,4.379
106,0,0,0,0,0,4.42
107,0,0,0,0,0,4.462
108,0,0,0,0,0,4.504
109,0,0,0,0,0,4.545
110,0,0,0,0,0,4.587
111,0,0,0,0,0,4.629
112,0,0,0,0,0,4.671
113,0,0,0,0,0,4.712
114,0,0,0,0,0,4.754
115,0,0,0,0,0,4.796
116,0,0,0,0,1,4.837
117,0,0,0,0,1,4.879
118,0,0,0,0,1,4.921
119,0,0,0,0,1,4.962
120,0,0,0,0,0,5.004
121,0,0,0,0,0,5.046
122,0,0,0,0,0,5.088
123,0,0,0,0,0,5.129
124,0,0,0,0,1,5.171
125,0,0,0,0,1,5.213
126,0,0,0,0,1,5.254
127,0,0,0,0,1,5.296
128,0,0,0,0,1,5.338
129,0,0,0,0,1,5.379
130,0,0,0,0,1,5.421
131,0,0,0,0,1,5.463
132,0,0,0,0,1,5.505
133,0,0,0,0,1,5.546
134,0,0,0,0,1,5.588
135,0,0,0,0,1,5.63
136,0,0,0,0,1,5.671
137,0,0,0,0,1,5.713
138,0,0,0,0,1,5.755
139,0,0,0,0,1,5.796
140,0,0,0,0,1,5.838
141,0,0,0,0,1,5.88
142,0,0,0,0,1,5.922
143,0,0,0,0,1,5.963
144,0,0,0,0,1,6.005
145,0,0,0,0,1,6.047
146,0,0,0,0,1,6.088
147,0,0,0,0,1,6.13
148,0,0,0,0,1,6.172
149,0,0,0,0,1,6.213
150,0,0,0,0,0,6.255
151,0,0,0,0,0,6.297
152,1,0,1,0,1,6.339
153,0,0,1,0,1,6.38
154,0,0,1,0,1,6.422
155,0,0,1,0,1,6.464
156,0,0,1,0,2,6.505
157,0,0,1,0,2,6.547
158,0,0,1,0,2,6.589
159,0,0,1,0,2,6.63
160,0,0,1,0,2,6.672
161,0,0,1,0,2,6.714
162,0,0,1,0,2,6.756
163,0,0,1,0,2,6.797
164,0,0,1,0,2,6.839
165,0,0,1,0,2,6.881
166,0,0,1,0,0,6.922
167,0,0,1,0,0,6.964
168,0,0,1,0,1,7.006
169,0,0,1,0,1,7.048
170,0,0,1,0,0,7.089
171,0,0,1,0,0,7.131
172,0,0,1,0,0,7.173
173,0,0,1,0,0,7.214
174,0,0,1,0,0,7.256
175,0,0,1,0,0,7.298
176,0,0,1,0,0,7.339
177,0,0,1,0,0,7.381
178,0,0,1,0,0,7.423
179,0,0,1,0,0,7.465
180,0,0,1,0,0,7.506
181,0,0,1,0,0,7.548
182,0,0,1,0,1,7.59
183,0,0,1,0,1,7.631
184,0,0,1,0,1,7.673
185,0,0,1,0,1,7.715
186,0,0,1,0,1,7.756
187,0,0,1,0,1,7.798
188,0,0,1,0,1,7.84
189,0,0,1,0,1,7.882
190,0,0,1,0,1,7.923
191,0,0,1,0,1,7.965
192,0,0,1,0,1,8.007
193,0,0,1,0,1,8.048
194,0,0,1,0,1,8.09
195,0,0,1,0,1,8.132
196,0,0,1,0,2,8.173
197,0,0,1,0,2,8.215
198,0,0,1,0,2,8.257
199,0,0,1,0,2,8.299
200,0,0,1,0,2,8.34
201,0,0,1,0,2,8.382
202,0,0,1,0,2,8.424
203,0,0,1,0,2,8.465
204,0,0,1,0,2,8.507
205,0,0,1,0,2,8.549
206,0,0,1,0,2,8.59
207,0,0,1,0,2,8.632
208,0,0,1,0,2,8.674
209,0,0,1,0,2,8.716
210,0,0,1,0,1,8.757
211,0,0,1,0,1,8.799
212,0,0,1,0,1,8.841
213,0,0,1,0,1,8.882
214,0,0,1,0,1,8.924
215,0,0,1,0,1,8.966
216,0,0,1,0,1,9.007
217,0,0,1,0,1,9.049
218,0,0,1,0,1,9.091
219,0,0,1,0,1,9.133
220,0,0,1,0,2,9.174
221,0,0,1,0,2,9.216
222,0,0,1,0,2,9.258
223,0,0,1,0,2,9.299
224,0,0,1,0,2,9.341
225,0,0,1,0,2,9.383
226,0,0,1,0,2,9.424
227,0,0,1,0,2,9.466
228,0,0,1,0,1,9.508
229,0,0,1,0,1,9.55
230,0,0,1,0,1,9.591
231,0,0,1,0,1,9.633
232,0,0,1,0,2,9.675
233,0,0,1,0,2,9.716
234,0,0,1,0,2,9.758
235,0,0,1,0,2,9.8
236,0,0,1,0,2,9.841
237,0,0,1,0,2,9.883
238,0,0,1,0,2,9.925
239,0,0,1,0,2,9.967
240,0,0,1,0,2,10.008
241,0,0,1,0,2,10.05
242,0,0,1,0,1,10.092
243,0,0,1,0,1,10.133
244,0,0,1,0,1,10.175
245,0,0,1,0,1,10.217
246,0,0,1,0,1,10.259
247,0,0,1,0,1,10.3
248,0,0,1,0,1,10.342
249,0,0,1,0,1,10.384
250,0,0,1,0,1,10.425
251,0,0,1,0,1,10.467
252,0,0,1,0,1,10.509
253,0,0,1,0,1,10.55
254,0,0,1,0,1,10.592
255,0,0,1,0,1,10.634
256,0,0,1,0,1,10.676
257,0,0,1,0,1,10.717
258,0,0,1,0,1,10.759
259,0,0,1,0,1,10.801
260,0,0,1,0,0,10.842
261,0,0,1,0,0,10.884
262,0,0,1,0,0,10.926
263,0,0,1,0,0,10.967
264,0,0,1,0,0,11.009
265,0,0,1,0,0,11.051
266,0,0,1,0,0,11.093
267,0,0,1,0,0,11.134
268,0,0,1,0,0,11.176
269,0,0,1,0,0,11.218
270,0,0,1,0,0,11.259
271,0,0,1,0,0,11.301
272,0,0,1,0,0,11.343
273,0,0,1,0,0,11.384
274,0,0,1,0,0,11.426
275,0,0,1,0,0,11.468
276,0,0,1,0,0,11.51
277,0,0,1,0,0,11.551
278,0,0,1,0,0,11.593
279,0,0,1,0,0,11.635
280,0,0,1,0,0,11.676
281,0,0,1,0,0,11.718
282,0,0,1,0,0,11.76
283,0,0,1,0,0,11.801
284,0,0,1,0,1,11.843
285,0,0,1,0,1,11.885
286,0,0,1,0,1,11.927
287,0,0,1,0,1,11.968
288,0,0,1,0,1,12.01
289,0,0,1,0,1,12.052
290,0,0,1,0,1,12.093
291,0,0,1,0,1,12.135
292,0,0,1,0,2,12.177
293,0,0,1,0,2,12.218
294,0,0,1,0,1,12.26
295,0,0,1,0,1,12.302
296,0,0,1,0,1,12.344
297,0,0,1,0,1,12.385
298,0,0,1,0,1,12.427
299,0,0,1,0,1,12.469
300,0,0,1,0,1,12.51
301,0,0,1,0,1,12.552
302,0,0,1,0,2,12.594
303,0,0,1,0,2,12.635
304,0,0,1,0,2,12.677
305,0,0,1,0,2,12.719
306,0,0,1,0,1,12.761
307,0,0,1,0,1,12.802
308,0,0,1,0,1,12.844
309,0,0,1,0,1,12.886
310,0,0,1,0,1,12.927
311,0,0,1,0,1,12.969
312,0,0,1,0,0,13.011
313,0,0,1,0,0,13.052
314,0,0,1,0,0,13.094
315,0,0,1,0,0,13.136
316,0,0,1,0,0,13.178
317,0,0,1,0,0,13.219
318,0,0,1,0,0,13.261
319,0,0,1,0,0,13.303
320,0,0,1,0,1,13.344
321,0,0,1,0,1,13.386
322,0,0,1,0,0,13.428
323,0,0,1,0,0,13.469
324,0,0,1,0,0,13.511
325,0,0,1,0,0,13.553
326,0,0,1,0,0,13.595
327,0,0,1,0,0,13.636
328,0,0,1,0,0,13.678
329,0,0,1,0,0,13.72
330,0,0,1,0,0,13.761
331,0,0,1,0,0,13.803
332,0,0,1,0,1,13.845
333,0,0,1,0,1,13.887
334,0,0,1,0,3,13.928
335,0,0,1,0,3,13.97
336,0,0,1,0,3,14.012
337,0,0,1,0,3,14.053
338,0,0,1,0,3,14.095
339,0,0,1,0,3,14.137
340,0,0,1,0,3,14.178
341,0,0,1,0,3,14.22
342,0,0,1,0,3,14.262
343,0,0,1,0,3,14.304
344,0,0,1,0,2,14.345
345,0,0,1,0,1,14.387
346,0,0,1,0,1,14.429
347,0,0,1,0,1,14.47
348,0,0,1,0,0,14.512
349,0,0,1,0,0,14.554
350,0,0,1,0,0,14.595
351,0,0,1,0,0,14.637
352,0,0,1,0,1,14.679
353,0,0,1,0,1,14.721
354,0,0,1,0,2,14.762
355,0,0,1,0,2,14.804
356,0,0,1,0,2,14.846
357,0,0,1,0,2,14.887
358,0,0,1,0,2,14.929
359,0,0,1,0,2,14.971
360,0,0,1,0,1,15.012
361,0,0,1,0,1,15.054
362,0,0,1,0,2,15.096
363,0,0,1,0,2,15.138
364,0,0,1,0,1,15.179
365,0,0,1,0,1,15.221
366,0,0,1,0,1,15.263
367,0,0,1,0,1,15.304
368,0,0,1,0,1,15.346
369,0,0,1,0,1,15.388
370,0,0,1,0,1,15.429
371,0,0,1,0,1,15.471
372,0,0,1,0,2,15.513
373,0,0,1,0,2,15.555
374,0,0,1,0,2,15.596
375,0,0,1,0,2,15.638
376,0,0,1,0,2,15.68
377,0,0,1,0,2,15.721
378,0,0,1,0,3,15.763
379,0,0,1,0,3,15.805
380,0,0,1,0,3,15.846
381,0,0,1,0,3,15.888
382,0,0,1,0,3,15.93
383,0,0,1,0,3,15.972
384,0,0,1,0,3,16.013
385,0,0,1,0,3,16.055
386,0,0,1,0,2,16.097
387,0,0,1,0,2,16.138
388,0,0,1,0,2,16.18
389,0,0,1,0,2,16.222
390,0,0,1,0,2,16.263
391,0,0,1,0,2,16.305
392,0,0,1,0,2,16.347
393,0,0,1,0,2,16.389
394,0,0,1,0,3,16.43
395,0,0,1,0,3,16.472
396,0,0,1,0,3,16.514
397,0,0,1,0,3,16.555
398,0,0,1,0,3,16.597
399,0,0,1,0,3,16.639
400,0,0,1,0,3,16.68
401,0,0,1,0,3,16.722
402,0,0,1,0,4,16.764
403,0,0,1,0,4,16.806
404,0,0,1,0,5,16.847
405,0,0,1,0,3,16.889
406,0,0,1,0,3,16.931
407,0,0,1,0,3,16.972
408,0,0,1,0,3,17.014
409,0,0,1,0,3,17.056
410,0,0,1,0,4,17.098
411,0,0,1,0,4,17.139
412,0,0,1,0,4,17.181
413,0,0,1,0,4,17.223
414,0,0,1,0,3,17.264
415,0,0,1,0,3,17.306
416,0,0,1,0,3,17.348
417,0,0,1,0,3,17.389
418,0,0,1,0,3,17.431
419,0,0,1,0,3,17.473
420,0,0,1,0,3,17.515
421,0,0,1,0,3,17.556
422,0,0,1,0,2,17.598
423,0,0,1,0,2,17.64
424,0,0,1,0,2,17.681
425,0,0,1,0,2,17.723
426,0,0,1,0,2,17.765
427,0,0,1,0,2,17.806
428,0,0,1,0,1,17.848
429,0,0,1,0,1,17.89
430,0,0,1,0,1,17.932
431,0,0,1,0,1,17.973
432,0,0,1,0,2,18.015
433,0,0,1,0,2,18.057
434,0,0,1,0,2,18.098
435,0,0,1,0,2,18.14
436,0,0,1,0,2,18.182
437,0,0,1,0,2,18.223
438,0,0,1,0,2,18.265
439,0,0,1,0,2,18.307
440,1,0,2,0,2,18.349
441,0,0,2,0,2,18.39
442,0,0,2,0,2,18.432
443,0,0,2,0,2,18.474
444,0,0,2,0,1,18.515
445,0,0,2,0,1,18.557
446,0,0,2,0,1,18.599
447,0,0,2,0,1,18.64
448,0,0,2,0,1,18.682
449,0,0,2,0,1,18.724
450,0,0,2,0,1,18.766
451,0,0,2,0,1,18.807
452,0,0,2,0,1,18.849
453,0,0,2,0,1,18.891
454,0,0,2,0,2,18.932
455,0,0,2,0,2,18.974
456,0,0,2,0,2,19.016
457,0,0,2,0,2,19.057
458,0,0,2,0,2,19.099
459,0,0,2,0,2,19.141
460,0,0,2,0,2,19.183
461,0,0,2,0,2,19.224
462,0,0,2,0,1,19.266
463,0,0,2,0,1,19.308
464,0,0,2,0,0,19.349
465,0,0,2,0,0,19.391
466,0,0,2,0,0,19.433
467,0,0,2,0,0,19.474
468,0,0,2,0,0,19.516
469,0,0,2,0,0,19.558
470,0,0,2,0,0,19.6
471,0,0,2,0,0,19.641
472,0,0,2,0,0,19.683
473,0,0,2,0,0,19.725
474,0,0,2,0,1,19.766
475,0,0,2,0,1,19.808
476,0,0,2,0,1,19.85
477,0,0,2,0,1,19.891
478,0,0,2,0,1,19.933
479,0,0,2,0,1,19.975
480,0,0,2,0,1,20.017
481,0,0,2,0,1,20.058
482,0,0,2,0,1,20.1
483,0,0,2,0,1,20.142
484,0,0,2,0,1,20.183
485,0,0,2,0,1,20.225
486,0,0,2,0,1,20.267
487,0,0,2,0,1,20.308
488,0,0,2,0,1,20.35
489,0,0,2,0,1,20.392
490,1,0,3,0,1,20.434
491,0,0,3,0,1,20.475
492,0,0,3,0,1,20.517
493,0,0,3,0,1,20.559
494,0,0,3,0,1,20.6
495,0,0,3,0,1,20.642
496,0,0,3,0,1,20.684
497,0,0,3,0,1,20.726
498,0,0,3,0,1,20.767
499,0,0,3,0,1,20.809
500,0,0,3,0,1,20.851
